ID	Word
0	<pad>
1	<s>
2	</s>
3	who
4	would
5	win
6	in
7	a
8	fight
9	,
10	lebron
11	james
12	or
13	gorilla
14	wearing
15	sandals
16	?
17	the
18	power
19	of
20	charismatic
21	lead
22	.
23	plus
24	show
25	does
26	n't
27	rely
28	on
29	zoom/enhance
30	to
31	solve
32	murders
33	i
34	do
35	know
36	about
37	you
38	but
39	typically
40	eat
41	milk
42	'm
43	saying
44	people
45	screaming
46	racist
47	moments
48	notice
49	are
50	being
51	aggressive
52	them
53	so
54	towards
55	someone
56	and
57	calling
58	usually
59	cause
60	they
61	white
62	is
63	kind
64	:
65	|==========◊õ
66	newlinechar
67	that
68	looks
69	like
70	something
71	else
72	...
73	..
74	sure
75	it
76	's
77	first
78	name
79	low
80	res
81	jpeg
82	not
83	even
84	remotely
85	identifying
86	hnnng
87	lundqvist
88	great
89	player
90	uhm
91	there
92	calendar
93	can
94	buy
95	for
96	science
97	could
98	learn
99	welding
100	and/or
101	machining
102	both
103	very
104	useful
105	skills
106	either
107	have
108	fun
109	build
110	stuff
111	earn
112	money
113	using
114	spotify
115	(
116	be
117	use
118	web
119	)
120	pandora
121	with
122	ublock
123	adblock
124	interruption-free
125	music
126	without
127	premium
128	actually
129	he
130	only
131	said
132	medical
133	marijuana
134	2001
135	psst
136	if
137	want
138	him
139	try
140	more
141	optimistic
142	already
143	over
144	this
145	defeatist
146	attitude
147	kiper
148	fucking
149	had
150	us
151	at
152	9
153	his
154	latest
155	mock
156	draft
157	what
158	fuck
159	guy
160	get
161	paid
162	lol
163	gurley
164	was
165	gon
166	na
167	fall
168	23
169	turn
170	off
171	subreddit
172	style
173	vlad
174	impaler
175	half
176	brains
177	seth
178	predictable
179	fireball
180	arm
181	attack
182	dudley
183	ultrad
184	after
185	hit
186	arms
187	came
188	back
189	from
190	casino
191	addicted
192	pretty
193	much
194	everything
195	multiple
196	broken
197	limbs
198	no
199	wonder
200	my
201	brain
202	did
203	me
204	&
205	gt
206	;
207	nfl
208	network
209	those
210	espn
211	say
212	'
213	many
214	shoes
215	dresses/skirts/
216	substitute
217	article
218	clothing
219	here
220	told
221	fiance
222	always
223	trick
224	trade
225	down
226	!
227	ten
228	times
229	pick
230	20
231	guys
232	high
233	score
234	major
235	typo
236	am
237	dubs
238	how
239	danny
240	respond
241	need
242	cocaine
243	ready
244	some
245	fisticuffs
246	when
247	sweet
248	potato
249	fries
250	were
251	such
252	huge
253	trend
254	awful
255	every
256	restaurant
257	'd
258	go
259	wanted
260	up
261	sell
262	regular
263	why
264	pay
265	salty
266	crispy
267	delicious
268	mushy
269	well
270	really
271	make
272	sense
273	then
274	she
275	lt
276	3
277	person
278	let
279	inside
280	funny
281	dogs
282	give
283	butt
284	approval
285	cat
286	bunnies
287	also
288	disapproval
289	same
290	egg
291	group
292	florges
293	bit
294	lenny
295	picture
296	got
297	dad
298	strength
299	leader
300	we
301	regrow
302	legs
303	just
304	enough
305	faith
306	think
307	veterans
308	surprised
309	oh
310	should
311	call
312	parents
313	often
314	grew
315	corner
316	obt
317	oakridge
318	confirm
319	left
320	because
321	implied
322	silent
323	hills
324	soon
325	beasley
326	striking
327	plenty
328	gold
329	next
330	season
331	10
332	runs
333	inning
334	game
335	im
336	mad
337	murphs
338	far
339	superstar
340	/r/onetrueclip
341	expanded
342	fashion
343	options
344	bonus
345	poor
346	weather
347	love
348	layering
349	any
350	chance
351	wear
352	boots
353	1975
354	¬Ø\_
355	„ÉÑ
356	_/¬Ø
357	flowers
358	man..
359	sounds
360	're
361	making
362	antichrist
363	proud
364	help
365	alternative
366	your
367	opinion
368	democracy
369	[
370	]
371	/zz40
372	wo
373	post
374	yer
375	da
376	ya
377	yeah
378	blindly
379	order
380	battery
381	as
382	favor
383	19
384	year
385	old
386	parent
387	4
388	income
389	life
390	haha
391	hooray
392	nerds
393	although
394	marvel
395	meant
396	civ
397	played
398	aram
399	since
400	patch
401	mean
402	lee
403	sin
404	q
405	ca
406	knocked
407	up/back/aside
408	volunteering
409	way
410	knowing
411	database
412	upload
413	copy
414	least
415	program
416	generated
417	might
418	able
419	wow
420	platform
421	master
422	chief
423	collection
424	xbox
425	one
426	still
427	waiting
428	connect
429	true
430	all
431	comes
432	hindi
433	racial
434	etymology
435	see
436	'fuck
437	tried
438	moving
439	somewhere
440	becoming
441	an
442	eye
443	doctor
444	again
445	thanks
446	providing
447	source
448	hillary
449	bought
450	/topic
451	seriously
452	little
453	cant
454	trust
455	her
456	cave
457	corporate
458	interest
459	work
460	out
461	shot
462	himself
463	foot
464	benefit
465	buys
466	decides
467	wants
468	play
469	basketball
470	un-shrouded
471	ones
472	longer
473	close
474	shrouded
475	big
476	xl
477	panels
478	will
479	retract
480	1.0
481	nobody
482	knows
483	talking
484	ask
485	favorite
486	band
487	titans
488	their
489	round
490	second
491	condition
492	start
493	tebow
494	quarterback
495	unless
496	signed
497	doctors
498	decide
499	physically
500	incapable
501	located
502	prince
503	edward
504	island
505	2
506	b
507	amp
508	m
509	stores
510	whole
511	neither
512	decent
513	vapes
514	box
515	mods
516	watching
517	right
518	reason
519	pull
520	trigger
521	survives
522	2/1
523	2-drop
524	loses
525	too
526	ancient
527	watcher
528	keep
529	breeding
530	e.g
531	*idiocracy*
532	episode
533	maybe
534	dunleavy
535	thug
536	shove
537	throat
538	good
539	giannis
540	grandmother
541	used
542	'all
543	girls
544	anal
545	yet
546	which
547	reply
548	'can
549	pass
550	carrots
551	gran
552	voluntary
553	workouts
554	contract
555	extension
556	'll
557	free
558	agent
559	news
560	travi
561	$
562	album
563	drops
564	've
565	been
566	re-listening
567	dbr
568	fuckin
569	wait
570	went
571	track
572	time
573	exciting
574	question
575	payout
576	determined
577	tri
578	lets
579	horse
580	5:1
581	10:1
582	c
583	12:1
584	gordon
585	woodhead
586	comment
587	lot
588	**a
589	lot**
590	difficult
591	two
592	weeks
593	tell
594	report
595	until
596	lease
597	mate
598	uncle
599	dog
600	taxi
601	driver
602	says
603	picked
604	depay
605	airport
606	coach
607	nhl
608	job
609	means
610	hspa
611	'3.5g
612	going
613	places
614	most
615	probably
616	lte
617	deal
618	light
619	posted
620	twitter
621	amiibo
622	sort
623	by
624	comments
625	now
626	extracts
627	run
628	dark
629	/a13
630	omg
631	ok
632	seen
633	therapist
634	6
635	seasons
636	movie
637	part
638	cabal
639	upvote
640	basically
641	convinced
642	reincarnation
643	brother
644	died
645	around
646	conceived
647	weird
648	man
649	seem
650	missed
651	obvious
652	sarcasm
653	voice
654	smooth
655	360,846
656	funds
657	brokest
658	fool
659	block
660	ai
661	bitches
662	hollerin
663	em
664	subscribed
665	pyrrha
666	anything
667	other
668	than
669	ridiculously
670	cute
671	'it
672	dunks
673	crossovers
674	'college
675	better
676	defense
677	media
678	has
679	dos
680	anjos
681	fought
682	last
683	imagine
684	waynes
685	fell
686	explode
687	depends
688	sandles
689	fitted
690	nike
691	air
692	max
693	cushioning
694	technology
695	agreed
696	ioan
697	gruffudd
698	intro
699	outro
700	makes
701	itself
702	definitely
703	worthwhile
704	remember
705	school
706	huuuuuge
707	argument
708	friends
709	whether
710	stand
711	behind
712	thought
713	hah
714	props
715	effort
716	matter
717	bad
718	form
719	http
720	//www.underwearexpert.com/wp-content/uploads/2014/05/feature34.jpg
721	top
722	list
723	windows
724	app
725	tools
726	auto
727	mute
728	ads
729	//www.ericzhang.me/projects/spotify-ad-blocker-ezblocker/
730	//tribe.nu/blockify.html
731	entirely
732	implying
733	support
734	recreational
735	optimism
736	defeated
737	hoped
738	change
739	lawn
740	keeping
741	frisbee
742	hahahaha
743	gets
744	look
745	count
746	chocula
747	guess
748	everyone
749	mocks
750	hope
751	though
752	thats
753	puss-puss
754	ever
755	reek
756	intense
757	shit
758	extends
759	hitbox
760	auto-docs
761	yo
762	finish
763	plays
764	impressed
765	showed
766	three
767	clips
768	pursuing
769	tackled
770	complaining
771	granny
772	playing
773	nickel
774	slots
775	okay
776	^^^^^^edit
777	^^^^^^thanks
778	^^^^^^but
779	^^^^^^go
780	^^^^^^donate
781	^^^^^^to
782	^^^^^^a
783	^^^^^^charity
784	^^^^^^next
785	^^^^^^time
786	college
787	bar
788	37.
789	1/2
790	vaudevillians
791	gentlemen
792	wrestlers
793	https
794	//www.youtube.com/watch
795	v=xqujl2bmqnw
796	hate
797	damn
798	'well
799	bugger
800	bloody
801	spear
802	shitmouth
803	favourite
804	minor
805	characters
806	üòç
807	wiggles
808	corgi
809	twerk
810	fairy
811	goodra
812	elsewhere
813	exactly
814	hahaha
815	clearly
816	once
817	week
818	nothing
819	talk
820	congrats
821	may
822	continue
823	decades
824	implication
825	blink
826	hold
827	tears
828	gave
829	erection
830	queen
831	bs
832	hair
833	somebody
834	relay
835	idea
836	team
837	world
838	live
839	where
840	measure
841	success
842	47th
843	pro
844	bowl
845	real
846	sub
847	reddit
848	girlie
849	types
850	=
851	-
852	incredible
853	tracks
854	eps
855	fallingforyou
856	undo
857	raw
858	come
859	impact
860	immediatley
861	preferred
862	sheldon
863	harden
864	while
865	taking
866	pictures
867	hour
868	wish
869	knew
870	answer
871	monarchies
872	proper
873	grooming
874	king
875	check
876	against
877	kings
878	art
879	mine
880	due
881	disability
882	inability
883	bet
884	kid
885	boo
886	p
887	reformation
888	belief
889	avaible
890	through
891	piety
892	policy
893	tree
894	yes
895	range
896	iirc
897	place
898	intel
899	vtune
900	doubt
901	anyone
902	its
903	niche
904	costs
905	900
906	mcc
907	racially
908	motivated
909	morph
910	into
911	scenario
912	exam
913	greeting
914	casually
915	problem
916	luck
917	getting
918	torchic
919	‚úø‚ó†‚Äø‚ó†
920	russian
921	uranium
922	thing
923	horrible
924	dont
925	nash
926	2.0
927	situation
928	rondo
929	cheap
930	piss
931	celtic
932	fans
933	yup
934	explains
935	crap
936	interesting
937	thank
938	greatest
939	terrible
940	find
941	*anyone*
942	philly
943	break
944	kneecaps
945	football
946	possibly
947	violence
948	never
949	bedfellows
950	fair
951	city
952	..check
953	east
954	coast
955	ordered
956	less
957	shipping
958	australian
959	found
960	awesome
961	couple
962	years
963	massive
964	dudes
965	acres
966	rubble
967	doomsayer
968	away
969	'batin
970	8
971	//www.imdb.com/title/tt0583476/
972	ref_=ttqt_qt_tt
973	//youtu.be/3wcyff6jpsi
974	neck
975	straight
976	self
977	mode
978	wind
979	pipe
980	fragile
981	mention
982	arteries
983	spine
984	appreciate
985	wisdom
986	our
987	grandmothers
988	stupid
989	wilk
990	#
991	3-4
992	de
993	league
994	unproven
995	williams
996	known
997	elite
998	commodities
999	august
1000	oilers
1001	bets
1002	payouts
1003	parimutuels
1004	'odds
1005	listed
1006	above
1007	apply
1008	goes
1009	pot
1010	//en.wikipedia.org/wiki/parimutuel_betting
1011	winner
1012	s
1013	take
1014	nah
1015	took
1016	seau
1017	doing
1018	alright
1019	finagle
1020	harder
1021	drunk
1022	plan
1023	letting
1024	office
1025	tomorrow
1026	roommate
1027	'thinking
1028	dog..and
1029	happen
1030	writing
1031	held
1032	responsible
1033	damages
1034	third
1035	cousin
1036	realtor
1037	flat
1038	m.depay
1039	strand
1040	trotz
1041	quote
1042	earlier
1043	wrt
1044	ovi
1045	effect
1046	'when
1047	puck
1048	bml
1049	10,000k
1050	www.buildmyled.com
1051	y
1052	u
1053	dis
1054	extra
1055	/sweetiebelleisonfire
1056	trilogy
1057	'getting
1058	seat
1059	table
1060	fucks
1061	wife
1062	day
1063	dies
1064	yea
1065	villager
1066	duck
1067	hunt
1068	duo
1069	newspaper
1070	tank
1071	water
1072	rock
1073	submerged
1074	possible
1075	pails
1076	rubbermaid
1077	narrate
1078	story
1079	before
1080	asleep
1081	jazz
1082	background
1083	360,847
1084	\^
1085	yeyah
1086	welcome
1087	brrrother
1088	sexy
1089	exist
1090	putting
1091	staying
1092	front
1093	nba
1094	difference
1095	offense
1096	behavior
1097	champion
1098	cowboy
1099	becomes
1100	champ
